timestamp,cpu_usage,mem_used_mb,mem_free_mb
1767254262.1134305,1.0,537.9,6028.9
1767254263.3332813,0.5999999999999943,538.4,6028.2
1767254264.5490925,0.0,538.2,6028.4
1767254265.7653654,0.0,537.8,6028.3
1767254266.981054,0.0,537.8,6028.3
1767254268.2060223,0.5999999999999943,537.8,6028.3
1767254269.4385796,0.0,537.8,6028.3
1767254332.7369823,0.5999999999999943,547.1,5909.5
1767254333.9544778,0.5999999999999943,547.1,5909.6
1767254335.1715117,0.0,546.8,5909.8
1767254336.388542,0.0,546.8,5909.9
1767254337.6059592,0.0,547.0,5909.6
1767254338.8217914,0.5999999999999943,546.9,5910.0
1767254340.0407379,0.0,547.0,5909.6
1767254341.2615767,0.5999999999999943,547.0,5909.6
1767254342.4871688,0.5999999999999943,547.0,5909.6
1767254343.713699,0.5999999999999943,547.0,5909.6
1767254344.930705,0.5999999999999943,547.2,5909.4
1767254346.1506112,0.5999999999999943,547.2,5909.4
1767254347.3697348,0.0,547.7,5908.9
1767254348.593079,0.0,546.5,5910.1
1767254349.832538,0.5999999999999943,546.5,5910.1
1767254351.049439,0.0,546.0,5910.6
1767254352.2666059,0.0,545.7,5910.9
1767254353.4840856,0.5999999999999943,545.7,5910.9
1767254354.6990507,0.0,546.5,5910.1
1767254355.9138808,0.5999999999999943,546.5,5910.1
1767254357.130307,0.5999999999999943,546.4,5910.2
1767254358.3459067,0.5999999999999943,546.4,5910.2
1767254359.561712,0.0,545.7,5910.9
1767254360.7779121,0.0,546.2,5910.4
1767254361.9928477,0.0,546.2,5910.4
1767254363.2100813,0.5999999999999943,546.1,5910.4
1767254364.4452665,0.5999999999999943,546.6,5910.0
1767254365.6711855,0.0,546.1,5910.5
1767254366.887532,0.0,546.3,5910.3
1767254368.102511,0.0,546.3,5910.3
1767254369.3185728,0.5999999999999943,547.3,5909.5
1767254370.5338893,0.0,546.1,5910.6
1767254371.7504387,0.5999999999999943,546.5,5910.1
1767255392.43333,1.7000000000000028,551.0,5995.5
1767255393.746508,0.5999999999999943,551.0,5995.6
1767255394.9822416,0.0,551.5,5994.8
1767255396.1992617,0.5999999999999943,551.1,5995.3
1767255397.4158778,0.0,551.0,5995.3
1767255398.6322834,0.0,551.0,5995.3
1767255399.8471498,0.5999999999999943,551.0,5995.3
1767255401.0690532,31.099999999999994,558.1,5980.4
1767255402.2843049,6.5,609.5,5886.6
1767255403.5007524,0.0,624.7,5857.3
1767255404.717072,0.5999999999999943,625.2,5856.8
1767255405.9343688,7.0,666.7,5815.4
1767255407.1497989,0.0,627.8,5854.3
1767255408.367249,1.2000000000000028,627.5,5854.6
1767255409.5829747,0.0,627.0,5855.1
1767255410.7994835,0.0,627.0,5855.0
1767255412.0160062,0.5999999999999943,628.0,5854.1
1767255413.2324784,0.5999999999999943,628.0,5854.1
1767255414.4477937,0.5999999999999943,627.9,5854.2
1767255415.6639142,0.0,626.6,5855.4
1767255416.8788815,0.0,626.6,5855.4
1767255418.0958543,0.5999999999999943,626.6,5855.4
1767255419.312498,0.5999999999999943,626.8,5855.3
1767255420.5288389,1.2000000000000028,626.7,5855.3
1767255421.7448246,0.5999999999999943,628.2,5853.4
1767255422.961044,0.0,628.1,5853.5
1767255424.1780252,0.0,628.1,5853.5
1767255425.3945122,0.0,628.1,5853.5
1767255426.6114242,0.0,628.1,5853.5
1767255427.8272867,0.0,628.1,5853.5
1767255429.0434933,0.0,626.8,5854.7
1767255430.260828,0.5999999999999943,626.8,5854.7
1767255431.4773855,0.5999999999999943,626.7,5854.9
1767255432.6926467,0.5999999999999943,626.7,5854.9
1767255433.908392,0.5999999999999943,626.7,5854.9
1767255435.1234887,0.0,626.6,5854.9
1767255436.3397396,1.2000000000000028,626.9,5854.7
1767255437.5562487,0.5999999999999943,626.8,5854.7
1767255438.7706525,0.0,626.8,5854.7
1767255439.9857986,0.5999999999999943,626.8,5854.7
1767255441.2012227,0.0,626.8,5854.8
1767255442.4154058,1.2000000000000028,626.8,5854.8
1767255443.6308002,1.2000000000000028,626.1,5855.4
1767255444.8467577,0.0,626.3,5855.2
1767255446.06186,0.5999999999999943,627.5,5854.1
1767255447.2798803,1.2000000000000028,627.4,5854.1
1767255448.5988286,1.4000000000000057,626.7,5914.9
1767255449.8155339,0.5999999999999943,626.7,5914.7
1767255451.0311656,0.0,626.7,5914.7
1767255452.2466636,0.0,626.7,5914.8
1767255453.4634957,0.5999999999999943,626.7,5914.8
1767255454.6796997,0.5999999999999943,626.7,5914.8
1767255455.8962855,0.5999999999999943,626.6,5914.8
1767255457.1117392,0.0,626.6,5914.8
1767255458.3284893,0.5999999999999943,626.6,5914.8
1767255459.544324,0.5999999999999943,626.6,5914.8
1767255460.7607367,0.5999999999999943,626.8,5914.6
1767255461.9772253,0.5999999999999943,626.8,5914.6
1767255463.1938527,0.0,626.8,5914.6
1767255464.4092574,0.0,626.9,5914.4
1767255465.623776,0.0,626.9,5914.4
1767255466.8378842,0.0,626.9,5914.4
1767255468.0540698,0.5999999999999943,625.7,5915.6
1767255469.269482,0.5999999999999943,625.9,5915.4
1767255470.4881475,0.0,625.9,5915.4
1767255471.7037964,0.0,627.8,5913.5
1767255472.921384,0.5999999999999943,627.8,5913.5
1767255474.1370046,2.4000000000000057,628.7,5912.5
1767255475.3520064,3.0,550.0,5987.1
1767255476.5677934,0.5999999999999943,549.7,5987.4
1767255740.0534456,0.0,554.4,5940.3
1767255741.2668638,0.0,554.7,5940.0
1767255742.4815946,0.0,554.7,5940.0
1767255743.6979074,0.5999999999999943,554.5,5940.2
1767255744.9128184,0.0,564.3,5930.4
1767255746.1277854,1.2000000000000028,565.0,5929.6
1767255747.3424232,0.5999999999999943,565.2,5929.5
1767255748.5577133,0.5999999999999943,564.1,5930.6
1767255749.7734933,0.5999999999999943,563.3,5931.3
1767255750.9891825,0.5999999999999943,564.3,5930.3
1767255752.205711,0.5999999999999943,564.3,5930.4
1767255753.4217575,0.5999999999999943,563.8,5930.9
1767255754.637687,1.2000000000000028,562.9,5931.8
1767255755.8539796,0.5999999999999943,563.8,5930.8
1767255757.0695348,0.5999999999999943,564.6,5930.1
1767255758.2849607,0.5999999999999943,564.6,5930.1
1767255759.50144,0.0,553.6,5941.1
1767255760.7186675,6.5,557.7,5937.0
1767255761.9354556,0.0,557.9,5936.8
1767255763.152073,0.5999999999999943,557.9,5936.8
1767255764.3685493,0.0,551.5,5943.1
1767255765.5848265,0.0,551.7,5942.9
1767255766.8009837,0.5999999999999943,557.9,5936.8
1767255768.0163867,0.0,557.9,5936.8
1767255769.2354796,0.0,557.8,5936.8
1767255770.4573298,0.5999999999999943,557.8,5936.8
1767255771.6769414,0.5999999999999943,557.5,5937.1
1767255772.8979259,0.0,557.6,5937.0
1767255774.1221669,0.5999999999999943,557.6,5937.0
1767255775.3417115,0.5999999999999943,557.9,5936.8
1767255776.563234,0.0,557.2,5937.4
1767255777.7974367,0.5999999999999943,557.3,5937.3
1767255779.0363438,0.0,558.7,5935.9
1767255780.2517397,0.0,558.6,5936.0
1767255781.4663756,0.5999999999999943,558.6,5936.0
1767255782.6810722,0.5999999999999943,558.6,5936.0
1767255783.895786,0.0,558.6,5936.0
1767255785.1123111,0.5999999999999943,558.6,5936.0
1767255786.3267825,0.5999999999999943,558.6,5936.0
1767255787.5415616,0.0,557.8,5936.8
1767255788.7565112,2.9000000000000057,558.5,5936.1
1767255789.9712937,0.0,558.5,5936.1
1767255791.1858222,0.0,558.8,5935.8
1767255792.401699,0.0,558.8,5935.8
1767255793.6178422,0.5999999999999943,558.8,5935.8
1767255794.8356106,0.5999999999999943,558.8,5935.8
1767255796.0530958,0.5999999999999943,558.7,5935.9
1767255797.2704139,0.5999999999999943,558.7,5935.9
1767255798.4867902,0.0,558.7,5935.9
1767255799.7032042,0.5999999999999943,558.7,5935.9
1767255800.920144,0.0,558.7,5935.9
1767255802.1363654,0.0,558.7,5935.9
1767255803.3514583,0.5999999999999943,558.7,5935.9
1767255804.5678391,0.5999999999999943,558.7,5935.9
1767255805.783249,0.0,558.6,5936.0
1767255807.0006444,0.0,558.6,5936.0
1767255808.2178798,0.5999999999999943,558.6,5936.0
1767255809.4340425,0.0,557.9,5936.7
1767255810.6509066,0.0,558.1,5936.5
1767255811.86596,0.0,558.0,5936.5
1767255813.0819337,0.5999999999999943,558.0,5936.6
1767255814.2975323,0.5999999999999943,557.3,5937.3
1767255815.512878,0.5999999999999943,558.3,5936.3
1767255816.7301993,0.5999999999999943,558.3,5936.3
1767255817.945346,0.0,558.2,5936.3
1767255819.1610084,0.5999999999999943,557.5,5937.1
1767255820.378089,0.5999999999999943,558.3,5936.3
1767255821.5948663,0.5999999999999943,558.3,5936.3
1767255822.8111956,0.0,557.2,5937.4
1767255824.0281122,0.0,556.2,5938.4
1767255825.2438166,0.5999999999999943,556.5,5938.1
1767255826.4597206,0.0,556.5,5938.1
1767255827.676882,0.5999999999999943,555.6,5939.0
1767255828.8941834,0.0,555.6,5939.0
1767255830.111686,0.5999999999999943,555.6,5939.0
1767255831.3282511,0.5999999999999943,556.9,5937.6
1767255832.5459933,0.0,556.9,5937.7
1767255833.7628276,0.5999999999999943,556.9,5937.7
1767255834.979111,0.5999999999999943,558.1,5936.4
1767255836.1961102,0.0,558.1,5936.4
1767255837.4118674,1.2000000000000028,558.1,5936.5
1767255838.6270235,0.5999999999999943,558.1,5936.5
1767255839.8416748,0.5999999999999943,558.2,5936.3
1767255841.0564399,0.5999999999999943,558.2,5936.3
1767255842.2724557,0.5999999999999943,559.0,5935.5
1767255843.4884794,1.2000000000000028,558.9,5935.6
1767255844.705038,0.5999999999999943,558.9,5935.6
1767255845.9228954,0.5999999999999943,558.5,5936.0
1767255847.1385643,0.5999999999999943,558.5,5936.0
1767255848.3563044,0.5999999999999943,558.5,5936.0
1767255849.5708094,0.5999999999999943,558.5,5936.0
1767255850.7862043,0.5999999999999943,558.5,5936.0
1767255852.00095,0.5999999999999943,558.5,5936.0
1767255853.2165883,0.5999999999999943,558.5,5936.1
1767255854.4325426,0.0,558.5,5936.1
1767255855.648993,0.0,558.5,5936.1
1767255856.8645127,0.5999999999999943,558.4,5936.1
1767255858.081403,0.5999999999999943,558.4,5936.1
1767255859.2996848,0.0,558.2,5936.3
1767255860.517029,0.0,559.0,5935.6
1767255861.7327511,0.5999999999999943,559.0,5935.5
1767255862.9477856,0.5999999999999943,558.9,5935.6
1767255864.1650121,0.5999999999999943,558.9,5935.6
1767255865.3799922,0.5999999999999943,558.9,5935.6
1767255866.5956402,0.5999999999999943,559.1,5935.4
1767255867.8123786,0.5999999999999943,559.1,5935.4
1767255869.0285602,0.0,559.3,5935.2
1767255870.244422,0.0,559.3,5935.2
1767255871.460761,0.5999999999999943,559.3,5935.2
1767255872.6765196,0.5999999999999943,559.3,5935.2
1767255873.8923404,0.5999999999999943,559.3,5935.2
1767255875.1081915,0.0,559.2,5935.2
1767255876.3236845,0.0,559.2,5935.2
1767255877.5379453,0.5999999999999943,559.2,5935.3
1767255878.75454,0.5999999999999943,559.2,5935.3
1767255879.971431,0.0,559.2,5935.3
1767255881.1876504,0.0,559.2,5935.3
1767255882.402537,0.5999999999999943,559.2,5935.3
1767255883.6183693,0.0,559.2,5935.3
1767255884.83356,0.5999999999999943,557.1,5937.4
1767255886.0489855,0.5999999999999943,557.1,5937.4
1767255887.265877,0.0,558.3,5936.2
1767255888.4827628,0.0,558.3,5936.2
1767255889.698419,0.0,558.3,5936.2
1767255890.9152305,0.5999999999999943,558.5,5936.0
1767255892.1315143,0.5999999999999943,559.2,5935.2
1767255893.348617,0.5999999999999943,559.2,5935.2
1767255894.563755,0.0,559.2,5935.3
1767255895.778758,0.5999999999999943,559.0,5935.5
1767255896.996572,0.5999999999999943,559.0,5935.5
1767255898.2124887,0.5999999999999943,559.0,5935.5
1767255899.4290228,0.0,558.7,5935.8
1767255900.645389,0.5999999999999943,557.4,5937.0
1767255901.861904,1.2000000000000028,557.4,5937.1
1767255903.07836,0.5999999999999943,558.6,5935.8
1767255904.2961555,0.0,558.6,5935.8
1767255905.5133946,0.5999999999999943,557.1,5937.3
1767255906.7312136,0.0,557.6,5936.8
1767255907.9471707,0.5999999999999943,557.6,5936.8
1767255909.1633897,0.0,557.5,5936.9
1767255910.3806117,0.5999999999999943,557.5,5936.9
1767255911.5973074,0.0,557.5,5936.9
1767255912.8139036,1.2000000000000028,557.5,5936.9
1767255914.0283475,0.0,557.5,5937.0
1767255915.2441547,0.0,557.5,5937.0
1767255916.4601555,0.5999999999999943,556.8,5937.7
1767255917.675032,0.5999999999999943,557.6,5936.8
1767255918.891413,0.5999999999999943,558.8,5935.6
1767255920.1080136,0.5999999999999943,558.8,5935.6
1767255921.3245738,0.0,558.9,5935.6
1767255922.5420418,0.5999999999999943,558.8,5935.6
1767255923.7582123,0.5999999999999943,558.8,5935.7
1767255924.9754379,0.5999999999999943,558.8,5935.7
1767255926.1931145,0.5999999999999943,558.8,5935.7
1767255927.4096148,0.0,558.8,5935.7
1767255928.6264148,0.5999999999999943,558.2,5936.2
1767255929.843768,0.5999999999999943,557.6,5936.8
1767255931.060008,0.5999999999999943,557.6,5936.8
1767255932.2773876,0.5999999999999943,557.6,5936.8
1767255933.4952216,0.5999999999999943,556.4,5938.0
1767255934.7096171,0.0,556.3,5938.1
1767255935.92544,0.0,556.3,5938.1
1767255937.1418395,0.0,556.3,5938.1
1767255938.3582535,0.5999999999999943,556.3,5938.1
1767255939.5743353,0.0,557.0,5937.4
1767255940.7917843,0.5999999999999943,556.5,5937.9
1767255942.0084915,0.5999999999999943,556.5,5937.9
1767255943.2240255,0.5999999999999943,556.5,5937.9
1767255944.4410276,0.5999999999999943,554.0,5940.4
1767255945.6570165,0.0,555.3,5939.1
1767255946.8733609,0.0,555.1,5939.3
1767255948.0891855,0.5999999999999943,555.0,5939.3
1767255949.3044572,0.5999999999999943,555.0,5939.4
1767255950.5192575,0.0,555.0,5939.4
1767255951.7356794,0.0,555.7,5938.6
1767255952.9525378,0.0,555.9,5938.5
1767255954.1677155,0.5999999999999943,555.9,5938.5
1767255955.3833392,1.7999999999999972,554.9,5939.5
1767255956.5998452,0.0,555.3,5939.0
1767255957.8148918,0.5999999999999943,555.5,5938.9
1767255959.031463,0.0,555.6,5938.8
1767255960.2473712,0.0,555.6,5938.8
1767255961.4632826,0.5999999999999943,555.6,5938.8
1767255962.6805654,0.0,555.6,5938.8
1767255963.8964143,0.5999999999999943,555.5,5938.8
1767255965.1129417,0.5999999999999943,555.5,5938.8
1767255966.328816,0.0,555.5,5938.8
1767255967.544211,0.0,555.5,5938.9
1767255968.7599154,0.0,555.5,5938.9
1767255969.9780803,0.0,555.5,5938.9
1767255971.1948757,0.5999999999999943,555.8,5938.6
1767255972.4110978,0.5999999999999943,555.8,5938.6
1767255973.6275172,0.0,554.5,5939.9
1767255974.8440433,0.0,555.7,5938.7
1767255976.0601945,0.5999999999999943,555.7,5938.7
1767255977.2760441,0.5999999999999943,555.9,5938.4
1767255978.4911332,0.5999999999999943,555.2,5939.1
1767255979.7083554,1.2000000000000028,555.2,5939.2
1767255980.9239125,0.0,555.2,5939.2
1767255982.1402175,0.5999999999999943,555.2,5939.2
1767255983.3570988,0.5999999999999943,555.1,5939.2
1767255984.5722919,0.5999999999999943,555.1,5939.2
1767255985.7876475,0.5999999999999943,555.1,5939.2
1767255987.004031,0.5999999999999943,555.1,5939.2
1767255988.2187805,0.5999999999999943,555.1,5939.3
1767255989.4351673,0.5999999999999943,555.1,5939.3
1767255990.651426,0.0,555.2,5939.1
1767255991.8687227,0.5999999999999943,555.2,5939.1
1767255993.0847893,0.5999999999999943,555.2,5939.2
1767255994.3017988,1.2000000000000028,555.4,5938.9
1767255995.5189903,0.5999999999999943,555.4,5938.9
1767255996.7359142,0.5999999999999943,556.9,5937.4
1767255997.9513812,0.0,555.6,5938.7
1767255999.167947,0.0,555.6,5938.7
1767256000.3849728,0.5999999999999943,555.6,5938.7
1767256001.5999103,0.5999999999999943,556.8,5937.5
1767256002.8164797,0.0,555.6,5938.8
1767256004.0329218,0.0,554.8,5939.5
1767256005.2493117,1.2000000000000028,553.4,5940.9
1767256006.4662435,0.5999999999999943,553.3,5941.0
1767256007.6823382,0.0,554.5,5939.8
1767256008.900293,0.0,554.5,5939.8
1767256010.1166542,0.5999999999999943,554.5,5939.8
1767256011.3323812,0.5999999999999943,554.5,5939.8
1767256012.5496607,0.0,555.2,5939.1
1767256013.7647343,0.0,555.2,5939.1
1767256014.9811404,0.0,555.2,5939.1
1767256016.1976366,0.0,553.9,5940.4
1767256017.413022,0.5999999999999943,553.2,5941.1
1767256018.65704,0.5999999999999943,554.7,5939.6
1767256019.8728368,0.5999999999999943,555.1,5939.2
1767256021.0877476,0.5999999999999943,555.1,5939.2
1767256022.304363,0.0,555.1,5939.2
1767256023.518952,1.2000000000000028,555.1,5939.2
1767256024.7363307,0.0,555.1,5939.2
1767256025.9537017,0.5999999999999943,555.0,5939.2
1767256027.169873,0.0,555.0,5939.2
1767256028.3869343,0.5999999999999943,555.3,5939.0
1767256029.6027598,0.0,555.3,5939.0
1767256030.8176973,0.0,555.2,5939.0
1767256032.031981,0.0,555.2,5939.0
1767256033.244944,0.5999999999999943,555.2,5939.0
1767256034.4597363,0.0,555.2,5939.0
1767256035.675699,0.5999999999999943,555.1,5939.1
1767256036.8906755,0.5999999999999943,555.1,5939.1
1767256038.105638,0.5999999999999943,555.1,5939.1
1767256039.3214314,0.5999999999999943,554.1,5940.1
1767256040.5371797,0.0,554.5,5939.8
1767256041.7528994,0.5999999999999943,554.9,5939.3
1767256042.9689598,0.5999999999999943,554.9,5939.3
1767256044.1850598,0.5999999999999943,554.9,5939.3
1767256045.3997614,0.5999999999999943,554.9,5939.3
1767256046.6155157,0.0,555.0,5939.2
1767256047.8305519,0.0,555.0,5939.2
1767256049.046826,0.5999999999999943,555.0,5939.2
1767256050.2628353,0.0,555.2,5939.0
1767256051.4784977,0.5999999999999943,555.2,5939.1
1767256052.694524,1.2000000000000028,555.2,5939.1
1767256053.910497,0.0,555.4,5938.8
1767256055.1257324,0.0,555.4,5938.8
1767256056.339822,1.2000000000000028,555.4,5938.9
1767256057.5700924,0.0,554.6,5939.6
1767256058.785789,0.5999999999999943,549.4,5944.8
1767256060.0010295,0.5999999999999943,549.4,5944.8
1767256061.2170014,0.0,549.4,5944.8
1767256062.4344082,0.0,560.7,5933.5
1767256063.6519113,0.5999999999999943,561.1,5933.0
1767256064.8690767,0.0,559.2,5935.0
1767256066.0922213,1.2000000000000028,559.2,5935.0
1767256067.3628614,0.0,559.2,5935.0
1767256068.651901,0.5999999999999943,559.1,5935.0
1767256069.9350045,0.5999999999999943,560.4,5933.8
1767256071.1541207,1.2000000000000028,561.3,5932.8
1767256072.3729115,0.0,561.3,5932.9
1767256073.5892148,1.2000000000000028,561.6,5932.6
1767256074.8034284,0.0,560.9,5933.3
1767256076.019306,0.5999999999999943,560.8,5933.3
1767256077.235143,0.0,560.8,5933.4
1767256078.4515312,0.5999999999999943,560.8,5933.4
1767256079.667713,0.5999999999999943,559.9,5934.2
1767256080.8831644,0.5999999999999943,560.2,5934.0
1767256082.0987318,0.0,560.2,5934.0
1767256083.3148515,0.5999999999999943,560.1,5934.0
1767256084.5306587,0.5999999999999943,560.1,5934.0
1767256085.7468455,0.0,560.1,5934.0
1767256086.9619644,0.0,560.1,5934.1
1767256088.178269,0.0,560.1,5934.1
1767256089.3943279,0.0,560.6,5933.6
1767256090.6099432,0.0,560.6,5933.6
1767256091.826285,0.5999999999999943,560.0,5934.1
1767256093.042911,0.5999999999999943,560.0,5934.1
1767256094.258532,0.5999999999999943,560.0,5934.2
1767256095.475285,0.0,560.3,5933.8
1767256096.6909144,0.5999999999999943,560.4,5933.8
1767256097.9074082,0.5999999999999943,560.3,5933.8
1767256099.1227944,0.0,560.3,5933.8
1767256100.3389022,0.0,560.3,5933.8
1767256101.5548182,0.0,560.3,5933.8
1767256102.771635,0.0,560.3,5933.9
1767256103.9866178,0.0,560.3,5933.9
1767256105.203969,0.0,560.3,5933.9
1767256106.4207683,0.0,560.3,5933.9
1767256107.6373343,0.5999999999999943,560.2,5933.9
1767256108.8533583,1.2000000000000028,560.8,5933.3
1767256110.06975,0.0,560.8,5933.4
1767256111.2860456,0.0,560.8,5933.4
1767256112.501937,0.0,560.8,5933.4
1767256113.7205796,0.0,560.2,5933.9
1767256114.9375045,1.2000000000000028,560.2,5933.9
1767256116.153379,0.5999999999999943,560.2,5933.9
1767256117.3686156,0.5999999999999943,560.7,5933.4
1767256118.5843964,0.0,560.7,5933.4
1767256119.7989643,0.5999999999999943,560.9,5933.2
1767256121.0143943,0.0,560.9,5933.2
1767256122.2303028,0.0,560.4,5933.7
1767256123.4473016,0.0,548.4,5945.7
1767256124.6637034,1.2000000000000028,554.0,5940.1
1767256125.8793676,1.2000000000000028,554.0,5940.1
1767256127.097004,0.5999999999999943,554.0,5940.1
1767256128.3125947,0.0,554.5,5939.6
1767256129.52918,0.0,554.7,5939.4
1767256130.7451515,0.0,554.7,5939.4
1767256131.9611294,1.2000000000000028,555.2,5938.9
1767256133.1788757,0.0,555.3,5938.8
1767256134.3957496,0.5999999999999943,555.3,5938.8
1767256135.6123996,0.0,554.8,5939.3
1767256136.8275065,0.5999999999999943,554.7,5939.3
1767256138.0445359,0.0,554.9,5939.2
1767256139.26133,1.2000000000000028,555.2,5938.9
1767256140.4783092,1.2000000000000028,555.1,5938.9
1767256141.6951852,0.0,555.1,5938.9
1767256142.9113653,0.5999999999999943,555.1,5939.0
1767256144.1282895,0.0,555.1,5939.0
1767256145.3449028,0.5999999999999943,555.1,5939.0
1767256146.559687,0.5999999999999943,555.1,5939.0
1767256147.7759945,0.5999999999999943,555.1,5939.0
1767256148.9903398,0.5999999999999943,555.1,5939.0
1767256150.2061017,0.5999999999999943,555.0,5939.0
1767256151.423477,0.0,554.6,5939.5
1767256152.640252,0.5999999999999943,555.1,5939.0
1767256153.8558168,0.0,555.1,5939.0
1767256155.0730255,0.5999999999999943,555.1,5939.0
1767256156.2884324,0.5999999999999943,555.1,5939.0
1767256157.5026584,0.5999999999999943,555.1,5939.0
1767256158.7186816,0.5999999999999943,554.0,5940.1
1767256159.933876,1.2000000000000028,554.0,5940.1
1767256161.1499858,0.0,554.4,5939.6
1767256162.3655796,1.2000000000000028,554.9,5939.1
1767256163.5802157,0.0,554.9,5939.1
1767256164.795993,0.0,554.9,5939.1
1767256166.0123823,0.5999999999999943,554.9,5939.2
1767256167.2297387,0.5999999999999943,554.9,5939.2
1767256168.446988,0.0,554.4,5939.7
1767256169.663718,0.5999999999999943,555.1,5939.0
1767256170.8797174,0.5999999999999943,555.0,5939.0
1767256172.0947835,1.2000000000000028,555.0,5939.0
1767256173.3113048,0.0,555.0,5939.0
1767256174.5277104,0.0,555.0,5939.0
1767256175.7436924,0.0,555.0,5939.0
1767256176.9595366,0.0,555.2,5938.8
1767256178.1758828,0.0,555.2,5938.8
1767256179.3919597,0.5999999999999943,555.2,5938.8
1767256180.6086154,0.5999999999999943,554.9,5939.1
1767256181.8250983,0.5999999999999943,554.9,5939.1
1767256183.0423088,0.5999999999999943,554.9,5939.1
1767256184.2573032,2.4000000000000057,554.4,5939.6
1767256185.4739902,1.2000000000000028,554.9,5939.1
1767256186.6905117,0.5999999999999943,555.3,5938.6
1767256187.9066904,0.0,555.4,5938.6
1767256189.123294,0.5999999999999943,554.3,5939.6
1767256190.3397915,1.2000000000000028,554.3,5939.7
1767256191.5549,0.0,554.6,5939.4
1767256192.770139,0.5999999999999943,554.7,5939.3
1767256193.9851577,0.5999999999999943,554.7,5939.3
1767256195.1994498,0.5999999999999943,553.6,5940.3
1767256196.4145398,0.0,554.1,5939.8
1767256197.628798,0.0,554.3,5939.7
1767256198.8439424,0.5999999999999943,554.3,5939.7
1767256200.06016,0.5999999999999943,554.3,5939.7
1767256201.275482,0.0,554.2,5939.7
1767256202.49121,0.5999999999999943,554.2,5939.7
1767256203.706038,0.0,549.3,5944.7
1767256204.9219246,4.099999999999994,560.6,5933.4
1767256206.1377418,0.5999999999999943,560.6,5933.4
1767256207.3550713,0.5999999999999943,560.8,5933.2
1767256208.571524,0.0,561.3,5932.7
1767256209.7879918,0.0,561.3,5932.7
1767256211.0056665,0.5999999999999943,561.3,5932.7
1767256212.2218025,0.0,561.5,5932.5
1767256213.439301,0.0,561.0,5933.0
1767256214.6545932,0.5999999999999943,561.5,5932.5
1767256215.8700757,0.0,561.5,5932.5
1767256217.087318,0.0,561.7,5932.3
1767256218.3042831,0.0,561.7,5932.3
1767256219.5397823,0.0,561.7,5932.3
1767256220.7644072,0.0,561.6,5932.3
1767256222.002739,0.0,561.6,5932.3
1767256223.2294316,0.5999999999999943,560.5,5933.4
1767256224.4540336,0.5999999999999943,560.5,5933.4
1767256225.6689203,0.0,561.0,5932.9
1767256226.9001307,0.5999999999999943,561.5,5932.4
1767256228.140227,0.5999999999999943,561.5,5932.4
1767256229.3557506,0.5999999999999943,560.9,5933.0
1767256230.571845,0.5999999999999943,560.9,5933.0
1767256231.7860062,0.0,560.9,5933.0
1767256233.00069,0.0,560.9,5933.0
1767256234.2148702,0.5999999999999943,560.9,5933.1
1767256235.4292738,0.0,560.9,5933.1
1767256236.6444867,0.5999999999999943,560.8,5933.1
1767256237.858395,0.0,560.8,5933.1
1767256239.073957,0.5999999999999943,561.1,5932.9
1767256240.2885578,1.2000000000000028,561.1,5932.9
1767256241.5037086,0.5999999999999943,561.0,5932.9
1767256242.718611,0.0,561.0,5932.9
1767256243.936738,0.5999999999999943,561.0,5932.9
1767256245.1605177,1.2000000000000028,559.8,5934.1
1767256246.383213,0.0,559.8,5934.2
1767256247.6000814,0.0,561.0,5932.9
1767256248.8161232,0.0,561.0,5932.9
1767256250.0308888,0.5999999999999943,561.0,5933.0
1767256251.2473078,0.5999999999999943,560.9,5933.0
1767256252.4655554,0.0,560.7,5933.2
1767256253.6833477,0.0,560.8,5933.1
1767256254.9002697,0.0,560.8,5933.1
1767256256.1180933,0.0,559.1,5934.9
1767256257.332807,0.0,559.2,5934.7
1767256258.5459733,0.5999999999999943,559.2,5934.7
1767256259.7627382,0.5999999999999943,560.4,5933.5
1767256260.9790134,0.5999999999999943,560.9,5932.9
1767256262.193967,0.5999999999999943,560.9,5933.0
1767256263.4092658,0.0,560.9,5933.0
1767256264.6251307,0.0,560.6,5933.2
1767256265.840362,0.0,560.9,5933.0
1767256267.0552034,0.0,561.4,5932.5
1767256268.2701137,0.5999999999999943,561.4,5932.4
1767256269.4881134,0.5999999999999943,561.4,5932.5
1767256270.7029896,0.0,561.4,5932.5
1767256271.9197705,0.5999999999999943,561.4,5932.5
1767256273.1340327,0.5999999999999943,561.4,5932.5
1767256274.348908,0.5999999999999943,560.9,5933.0
1767256275.5691493,0.5999999999999943,561.4,5932.5
1767256276.7922554,0.0,561.4,5932.5
1767256278.0110183,0.5999999999999943,561.4,5932.5
1767256279.2280872,0.0,561.6,5932.3
1767256280.4479363,0.0,561.6,5932.3
1767256281.6639628,0.0,561.5,5932.3
1767256282.8809605,0.5999999999999943,561.5,5932.3
1767256284.101348,0.5999999999999943,561.5,5932.4
1767256285.3195062,0.5999999999999943,561.5,5932.4
1767256286.5381963,0.5999999999999943,561.5,5932.4
1767256287.756048,0.0,560.5,5933.3
1767256288.9705527,0.5999999999999943,560.7,5933.2
1767256290.1865244,0.0,560.8,5933.0
1767256291.4113464,0.5999999999999943,561.8,5932.1
1767256292.6374907,0.5999999999999943,561.5,5932.3
1767256293.8520865,1.2000000000000028,562.1,5931.8
1767256295.0665808,0.5999999999999943,562.1,5931.8
1767256296.2810302,0.0,562.3,5931.5
1767256297.4956594,0.5999999999999943,562.3,5931.5
1767256298.711384,0.5999999999999943,563.3,5930.5
1767256299.9291334,0.5999999999999943,562.0,5931.8
1767256301.146222,0.5999999999999943,562.0,5931.8
1767256302.3638961,0.0,563.0,5930.8
1767256303.5798209,1.2000000000000028,561.7,5932.1
1767256304.7976792,0.5999999999999943,558.0,5935.8
1767256306.013359,0.0,558.0,5935.8
1767256307.229545,0.5999999999999943,558.0,5935.8
1767256308.447735,0.5999999999999943,559.2,5934.6
1767256309.6641743,0.5999999999999943,559.2,5934.6
1767256310.8815732,0.5999999999999943,559.2,5934.6
1767256312.0958984,0.5999999999999943,561.5,5932.3
1767256313.3109639,0.5999999999999943,560.9,5932.9
1767256314.5272932,0.0,561.4,5932.4
1767256315.7425036,0.0,561.4,5932.4
1767256316.9588213,0.5999999999999943,561.3,5932.5
1767256318.1754189,0.5999999999999943,561.3,5932.5
1767256319.3934083,0.5999999999999943,561.1,5932.7
1767256320.6083608,0.5999999999999943,561.1,5932.7
1767256321.8242426,0.5999999999999943,561.1,5932.7
1767256323.039458,0.5999999999999943,562.1,5931.7
1767256324.2547348,0.0,560.8,5933.0
1767256325.4688518,0.0,562.0,5931.8
1767256326.6833649,0.5999999999999943,562.0,5931.8
1767256327.898212,0.0,562.0,5931.8
1767256329.1128404,0.0,562.0,5931.8
1767256330.3291252,0.0,560.8,5933.0
1767256331.5463746,0.5999999999999943,560.7,5933.1
1767256332.7632322,0.0,561.2,5932.6
1767256333.9812527,0.5999999999999943,561.2,5932.6
1767256335.201042,1.2000000000000028,561.1,5932.7
1767256336.4217396,0.0,562.3,5931.5
1767256337.6375077,0.0,561.7,5932.1
1767256338.8530514,0.0,562.4,5931.4
1767256340.072563,0.5999999999999943,562.4,5931.4
1767256341.2958744,0.0,562.4,5931.4
1767256342.5233355,0.5999999999999943,562.4,5931.4
1767256343.7406225,0.0,562.4,5931.4
1767256344.9557767,0.0,562.4,5931.4
1767256346.1720223,0.0,562.4,5931.4
1767256347.3895671,0.5999999999999943,562.4,5931.4
1767256348.616053,0.5999999999999943,561.1,5932.7
1767256349.8348634,0.0,561.3,5932.5
1767256351.0570052,0.0,561.3,5932.5
1767256352.275546,0.5999999999999943,561.3,5932.5
1767256353.4905074,0.5999999999999943,560.0,5933.8
1767256354.7044766,0.0,560.0,5933.8
1767256355.9217389,0.0,560.0,5933.8
1767256357.139453,0.0,560.0,5933.8
1767256358.3613496,0.5999999999999943,560.0,5933.8
1767256359.5831585,0.5999999999999943,559.9,5933.8
1767256360.807926,1.2000000000000028,561.2,5932.6
1767256362.0254176,0.0,561.4,5932.4
1767256363.2414756,0.0,560.2,5933.6
1767256364.4602416,0.0,558.4,5935.3
1767256365.6776028,0.0,559.1,5934.6
1767256366.8945048,0.0,560.4,5933.4
1767256368.1138852,0.0,560.3,5933.4
1767256369.333647,0.5999999999999943,560.3,5933.4
1767256370.555799,0.5999999999999943,559.1,5934.7
1767256371.7743282,0.0,558.8,5935.0
1767256372.990542,0.5999999999999943,559.1,5934.7
1767256374.2067356,0.5999999999999943,560.3,5933.5
1767256375.4224331,0.0,560.3,5933.5
1767256376.637569,0.5999999999999943,560.3,5933.5
1767256377.852191,0.5999999999999943,560.3,5933.5
1767256379.0682063,0.0,560.0,5933.7
1767256380.2809722,0.5999999999999943,560.0,5933.7
1767256381.4979444,0.0,560.0,5933.7
1767256382.7137196,0.5999999999999943,561.2,5932.5
1767256383.9310157,0.5999999999999943,561.5,5932.2
1767256385.1485596,0.5999999999999943,560.2,5933.5
1767256386.3651655,0.0,560.2,5933.5
1767256387.5817266,0.5999999999999943,560.4,5933.3
1767256388.7989988,0.5999999999999943,560.4,5933.3
1767256390.0157952,0.0,560.4,5933.3
1767256391.2328305,0.0,561.6,5932.1
1767256392.4492757,0.0,561.6,5932.1
1767256393.664192,0.5999999999999943,561.6,5932.1
1767256394.8791537,0.0,561.6,5932.1
1767256396.0944302,0.0,561.6,5932.1
1767256397.311664,0.0,561.6,5932.1
1767256398.5266423,0.5999999999999943,561.6,5932.2
1767256399.7438881,0.5999999999999943,561.5,5932.2
1767256400.9600594,0.0,561.5,5932.2
1767256402.1765165,0.5999999999999943,561.5,5932.2
1767256403.3919919,0.0,561.5,5932.2
1767256404.6067867,0.5999999999999943,561.5,5932.2
1767256405.823493,0.5999999999999943,561.5,5932.2
1767256407.0392017,0.5999999999999943,561.5,5932.2
1767256408.2559438,0.5999999999999943,561.5,5932.2
1767256409.470609,0.0,561.7,5932.0
1767256410.6882808,0.0,561.7,5932.0
1767256411.9044898,0.5999999999999943,561.7,5932.0
1767256413.1210163,0.5999999999999943,561.9,5931.8
1767256414.3383312,0.0,561.9,5931.8
1767256415.5542917,0.0,562.1,5931.6
1767256416.771202,0.0,562.9,5930.8
1767256417.987017,0.5999999999999943,561.6,5932.1
1767256419.2015657,0.5999999999999943,562.8,5930.8
1767256420.4174788,0.5999999999999943,562.8,5930.8
1767256421.6327279,0.5999999999999943,562.8,5930.9
1767256422.8485725,0.0,562.8,5930.9
1767256424.0653634,1.2000000000000028,562.8,5930.9
1767256425.2816348,0.0,559.7,5934.0
1767256426.496404,0.0,559.7,5934.0
1767256427.7132053,0.5999999999999943,559.7,5934.0
1767256428.9319158,0.5999999999999943,559.7,5934.0
1767256430.1539042,0.0,559.7,5934.0
1767256431.374139,0.5999999999999943,560.6,5933.0
1767256432.5978067,0.5999999999999943,560.6,5933.1
1767256433.8137767,0.0,560.6,5933.1
1767256435.0296724,0.0,559.6,5934.1
1767256436.2495747,0.0,560.3,5933.3
1767256437.474035,0.5999999999999943,560.6,5933.1
1767256438.6923592,0.5999999999999943,559.3,5934.3
1767256439.9114742,0.0,559.4,5934.2
1767256441.1302001,0.5999999999999943,559.4,5934.2
1767256442.349135,0.0,558.1,5935.5
1767256443.5662496,0.5999999999999943,558.1,5935.5
1767256444.7977667,0.0,558.1,5935.5
1767256446.0263221,0.5999999999999943,558.1,5935.5
1767256447.241182,0.5999999999999943,559.3,5934.3
1767256448.458921,0.0,558.3,5935.3
1767256449.6739388,0.0,558.4,5935.2
1767256450.8889132,0.5999999999999943,558.9,5934.7
1767256452.106154,0.0,559.0,5934.6
1767256453.322014,0.0,559.0,5934.6
1767256454.5384977,0.0,560.2,5933.4
1767256455.7535613,0.5999999999999943,560.2,5933.4
1767256456.9687023,0.5999999999999943,560.2,5933.4
1767256458.1839285,0.0,560.2,5933.4
1767256459.4000216,0.0,560.2,5933.4
1767256460.620549,0.5999999999999943,560.2,5933.5
1767256461.8399978,0.0,560.1,5933.5
1767256463.0594795,0.0,560.4,5933.2
1767256464.2752054,0.0,560.4,5933.2
1767256465.4905138,0.0,559.1,5934.5
1767256466.7063997,0.0,560.3,5933.3
1767256467.9266694,0.5999999999999943,559.1,5934.5
1767256469.1506627,0.0,559.7,5933.9
1767256470.3731587,0.5999999999999943,559.7,5933.9
1767256471.588576,0.5999999999999943,560.9,5932.7
1767256472.8057377,0.0,560.9,5932.7
1767256474.0221853,0.0,560.9,5932.7
1767256475.2379441,0.5999999999999943,560.9,5932.7
1767256476.4574978,0.5999999999999943,560.8,5932.7
1767256477.6770988,1.2000000000000028,560.8,5932.8
1767256478.8964102,0.0,559.6,5934.0
1767256480.1152396,0.0,559.6,5934.0
1767256481.332437,0.5999999999999943,559.5,5934.0
1767256482.5484395,7.599999999999994,581.4,5903.5
1767256483.7645516,0.0,563.0,5916.7
1767256484.9803913,0.0,563.8,5915.8
1767256486.1949053,0.0,563.8,5915.8
1767256487.4107995,0.0,563.8,5915.9
1767256488.625797,0.0,565.3,5914.4
1767256489.8428316,0.0,565.3,5914.4
1767256491.058736,0.5999999999999943,565.3,5914.4
1767256492.2805018,1.2000000000000028,566.5,5913.2
1767256493.4990752,0.5999999999999943,566.5,5913.2
1767256494.7195458,0.5999999999999943,565.2,5914.5
1767256495.93461,0.5999999999999943,565.2,5914.5
1767256497.1505764,0.5999999999999943,565.2,5914.5
1767256498.3670063,0.0,565.2,5914.5
1767256499.5835295,0.0,566.2,5913.5
1767256500.806774,0.5999999999999943,566.2,5913.5
1767256502.028527,0.5999999999999943,566.2,5913.5
1767256503.244541,0.5999999999999943,565.4,5914.3
1767256504.4604185,0.0,565.4,5914.3
1767256505.6754477,0.5999999999999943,565.4,5914.3
1767256506.8906157,0.0,565.8,5913.8
1767256508.108004,0.0,565.9,5913.8
1767256509.3290133,0.0,565.8,5913.8
1767256510.5474803,0.0,567.0,5912.6
1767256511.7665915,0.0,566.7,5912.9
1767256512.9840033,0.0,567.9,5911.7
1767256514.2001348,0.0,566.0,5913.3
1767256515.415115,0.5999999999999943,565.1,5914.2
1767256516.6303515,0.0,566.2,5913.0
1767256517.8470418,0.5999999999999943,565.5,5913.8
1767256519.0630302,0.5999999999999943,564.3,5915.0
1767256520.2790282,0.0,565.5,5913.7
1767256521.4953623,0.0,564.3,5915.0
1767256522.7125952,0.5999999999999943,564.2,5915.0
1767256523.9277387,0.5999999999999943,564.2,5915.0
1767256525.15573,0.0,565.5,5913.8
1767256526.3912992,1.2000000000000028,565.5,5913.8
1767256527.6070898,0.5999999999999943,565.4,5913.8
1767256528.823452,0.5999999999999943,565.4,5913.9
1767256530.0378082,0.5999999999999943,567.0,5912.5
1767256531.2527473,0.0,565.5,5913.7
1767256532.4747734,0.0,565.5,5913.7
1767256533.6960218,0.0,566.7,5912.5
1767256534.9221745,0.0,565.5,5913.8
1767256536.139482,0.5999999999999943,565.5,5913.8
1767256537.3536172,0.0,566.9,5912.3
1767256538.5689988,0.5999999999999943,566.2,5913.0
1767256539.7851443,0.5999999999999943,566.2,5913.0
1767256541.012563,0.5999999999999943,566.2,5913.0
1767256542.2473872,0.5999999999999943,566.2,5913.1
1767256543.4789999,0.5999999999999943,566.2,5913.0
1767256544.6960306,1.2000000000000028,563.7,5915.5
1767256545.912757,0.0,564.9,5914.3
1767256547.1287043,0.5999999999999943,565.0,5914.3
1767256548.3429816,0.0,565.0,5914.3
1767256549.5580065,0.5999999999999943,564.9,5914.3
1767256550.7736626,0.5999999999999943,564.9,5914.3
1767256551.9894574,0.5999999999999943,565.7,5913.6
1767256553.2055504,0.0,565.6,5913.6
1767256554.421195,0.0,565.6,5913.6
1767256555.6368492,1.2000000000000028,565.6,5913.6
1767256556.853426,0.5999999999999943,564.4,5914.9
1767256558.0701501,0.5999999999999943,565.6,5913.6
1767256559.2878687,0.5999999999999943,563.6,5915.6
1767256560.505497,0.0,563.6,5915.7
1767256561.722493,0.5999999999999943,563.6,5915.7
1767256562.9425945,0.5999999999999943,563.8,5915.4
1767256564.1632342,0.5999999999999943,564.5,5914.7
1767256565.3871245,0.5999999999999943,564.5,5914.7
1767256566.6051917,0.0,564.5,5914.7
1767256567.824478,0.0,564.5,5914.7
1767256569.0453343,0.0,564.5,5914.7
1767256570.267906,0.5999999999999943,564.5,5914.8
1767256571.4860547,0.0,564.5,5914.8
1767256572.7039769,0.5999999999999943,564.4,5914.8
1767256573.9229014,0.0,564.4,5914.8
1767256575.14196,0.5999999999999943,564.4,5914.8
1767256576.3649678,0.5999999999999943,564.4,5914.8
1767256577.5830467,1.2000000000000028,564.9,5914.3
1767256578.7998543,0.0,565.1,5914.1
1767256580.0168242,0.5999999999999943,565.1,5914.1
1767256581.2313619,0.5999999999999943,565.1,5914.1
1767256582.4474978,0.5999999999999943,563.7,5915.5
1767256583.6627035,0.0,565.0,5914.2
1767256584.878238,0.0,565.0,5914.3
1767256586.0942678,0.0,564.9,5914.3
1767256587.3097162,0.0,564.9,5914.3
1767256588.5262148,0.0,564.9,5914.3
1767256589.7413795,0.5999999999999943,565.7,5913.5
1767256590.957741,0.0,565.7,5913.5
1767256592.1749365,0.5999999999999943,565.2,5914.0
1767256593.3921485,0.0,565.1,5914.1
1767256594.6106818,0.0,565.1,5914.1
1767256595.8274457,0.5999999999999943,565.1,5914.1
1767256597.0451963,0.0,565.0,5914.1
1767256598.265135,0.5999999999999943,565.0,5914.1
1767256599.4874449,0.0,565.0,5914.1
1767256600.7120035,0.0,565.0,5914.1
1767256601.9311385,0.0,565.2,5913.9
1767256603.149213,0.5999999999999943,565.2,5913.9
1767256604.3693745,0.0,565.2,5913.9
1767256605.588813,0.0,561.8,5917.3
1767256606.8066816,0.5999999999999943,563.1,5916.1
1767256608.0252788,0.0,563.0,5916.1
1767256609.2449422,0.0,563.0,5916.1
1767256610.4659204,0.5999999999999943,563.0,5916.1
1767256611.6816738,0.0,562.5,5916.7
1767256612.8963883,0.5999999999999943,562.5,5916.7
1767256614.1124523,0.0,562.5,5916.7
1767256615.3283548,0.0,562.2,5916.9
1767256616.5444028,0.0,562.2,5916.9
1767256617.759105,0.0,562.2,5917.0
1767256618.9750426,0.5999999999999943,562.4,5916.7
1767256620.1909897,0.5999999999999943,562.4,5916.7
1767256621.4070945,0.5999999999999943,562.4,5916.8
1767256622.623506,0.0,562.3,5916.8
1767256623.8413944,0.5999999999999943,562.3,5916.8
1767256625.0592768,0.0,562.3,5916.8
1767256626.277079,0.5999999999999943,562.3,5916.8
1767256627.4944856,0.0,562.5,5916.6
1767256628.7140672,1.2000000000000028,562.5,5916.6
1767256629.9312365,0.0,562.5,5916.6
1767256631.149778,0.5999999999999943,562.5,5916.6
1767256632.3695328,0.5999999999999943,562.5,5916.6
1767256633.5884502,0.5999999999999943,563.0,5916.1
1767256634.808781,0.0,562.4,5916.7
1767256636.029897,1.2000000000000028,562.5,5916.7
1767256637.2497473,0.0,562.4,5916.7
1767256638.466135,1.7999999999999972,562.4,5916.7
1767256639.6839006,0.0,563.6,5915.4
1767256640.9021819,0.0,563.6,5915.5
1767256642.1190624,0.0,563.6,5915.5
1767256643.3387985,0.5999999999999943,563.6,5915.5
1767256644.553544,1.2000000000000028,562.4,5916.7
1767256645.7683077,0.5999999999999943,563.6,5915.5
1767256646.9844766,0.5999999999999943,563.6,5915.5
1767256648.2003088,0.5999999999999943,563.6,5915.5
1767256649.41574,0.5999999999999943,563.5,5915.5
1767256650.631316,0.5999999999999943,563.7,5915.4
1767256651.847766,0.5999999999999943,563.9,5915.2
1767256653.0634096,0.0,563.9,5915.2
1767256654.2794871,0.0,563.9,5915.2
1767256655.4979012,1.2000000000000028,563.9,5915.2
1767256656.7167406,0.5999999999999943,563.9,5915.2
1767256657.9341056,0.0,563.9,5915.2
1767256659.1510172,0.0,563.6,5915.5
1767256660.36916,0.5999999999999943,565.1,5914.0
1767256661.5894716,0.0,565.1,5914.0
1767256662.8087754,0.0,565.4,5913.7
1767256664.0332623,0.5999999999999943,565.4,5913.6
1767256665.2512612,0.0,563.0,5916.1
1767256666.4718218,0.5999999999999943,562.8,5916.3
1767256667.6881776,0.5999999999999943,564.0,5915.1
1767256668.915945,0.0,564.0,5915.1
1767256670.141716,0.5999999999999943,564.1,5915.0
1767256671.3617215,0.0,564.2,5914.8
1767256672.5882764,0.0,564.4,5914.6
1767256673.8086033,0.5999999999999943,564.9,5914.1
1767256675.027185,0.5999999999999943,563.7,5915.3
1767256676.2408783,0.5999999999999943,562.5,5916.6
1767256677.4558203,0.0,563.7,5915.3
1767256678.670342,0.0,563.7,5915.3
1767256679.8862793,0.0,564.0,5915.0
1767256681.1021469,0.0,565.2,5913.8
1767256682.3174725,0.0,564.0,5915.0
1767256683.5322425,0.0,564.0,5915.0
1767256684.7480447,0.5999999999999943,565.4,5913.6
1767256685.9635289,0.5999999999999943,565.4,5913.6
1767256687.1787257,0.5999999999999943,565.4,5913.6
1767256688.3956454,0.5999999999999943,563.0,5916.0
1767256689.6132693,0.5999999999999943,564.2,5914.8
1767256690.8299959,0.5999999999999943,564.1,5914.9
1767256692.0510244,0.5999999999999943,564.1,5914.9
1767256693.2725365,0.5999999999999943,564.1,5914.9
1767256694.4944034,1.2000000000000028,564.1,5914.9
1767256695.7181814,0.5999999999999943,564.1,5914.9
1767256696.9423456,0.0,564.1,5914.9
1767256698.1620784,0.5999999999999943,565.3,5913.7
1767256699.3851595,0.5999999999999943,565.3,5913.7
1767256700.6079154,0.5999999999999943,565.3,5913.7
1767256701.840261,0.0,565.3,5913.7
1767256703.0673022,0.0,565.3,5913.7
1767256704.305033,0.5999999999999943,565.3,5913.7
1767256705.5410144,0.5999999999999943,565.2,5913.8
1767256706.7595057,0.0,565.2,5913.8
1767256707.9771328,0.5999999999999943,565.2,5913.8
1767256709.1918695,0.0,565.3,5913.7
1767256710.4059002,0.0,565.5,5913.5
1767256711.6203742,0.5999999999999943,566.7,5912.3
1767256712.8346307,1.2000000000000028,567.0,5912.0
1767256714.0498717,0.5999999999999943,565.7,5913.3
1767256715.264707,0.5999999999999943,566.9,5912.1
1767256716.4793997,0.5999999999999943,566.9,5912.1
1767256717.693077,0.0,566.9,5912.1
1767256718.9078555,0.5999999999999943,566.9,5912.1
1767256720.1238723,0.5999999999999943,566.9,5912.1
1767256721.3401794,0.5999999999999943,566.9,5912.1
1767256722.5577857,0.0,566.9,5912.1
1767256723.7744713,0.0,566.9,5912.1
1767256724.9924934,0.0,562.5,5916.5
1767256726.211151,0.0,563.9,5915.1
1767256727.4296894,0.0,563.9,5915.1
1767256728.6483061,0.0,563.8,5915.2
1767256729.8668063,0.5999999999999943,563.8,5915.2
1767256731.0848086,0.0,563.8,5915.2
1767256732.3031955,0.5999999999999943,563.5,5915.5
1767256733.5228877,0.5999999999999943,563.5,5915.5
1767256734.7413087,0.5999999999999943,564.7,5914.2
1767256735.961934,0.0,564.9,5914.0
1767256737.1811492,0.0,564.9,5914.0
1767256738.4004707,0.0,564.9,5914.0
1767256739.6192071,0.5999999999999943,563.3,5915.6
1767256740.8380952,0.5999999999999943,563.3,5915.6
1767256742.0527823,0.0,563.5,5915.4
1767256743.267961,0.5999999999999943,564.0,5914.9
1767256744.4815164,0.0,564.0,5914.9
1767256745.6994853,0.0,564.0,5914.9
1767256746.9148245,0.5999999999999943,565.8,5913.2
1767256748.1295798,0.0,565.7,5913.2
1767256749.3453844,0.5999999999999943,565.5,5913.5
1767256750.560197,0.5999999999999943,566.2,5912.7
1767256751.7754695,0.0,566.2,5912.7
1767256752.9921465,0.0,566.2,5912.7
1767256754.2095182,0.5999999999999943,565.0,5913.9
1767256755.4276862,0.0,565.2,5913.7
1767256756.6447954,0.0,564.7,5914.2
1767256757.869108,0.5999999999999943,564.5,5914.5
1767256759.0908177,0.5999999999999943,564.4,5914.5
1767256760.3180072,0.0,564.6,5914.2
1767256761.5367677,0.0,564.6,5914.3
1767256762.7554338,0.5999999999999943,565.9,5913.0
1767256763.973828,0.0,565.8,5913.0
1767256765.1930726,0.0,565.8,5913.1
1767256766.4117136,0.5999999999999943,564.6,5914.3
1767256767.6292613,0.5999999999999943,564.6,5914.3
1767256768.8464026,0.0,564.6,5914.3
1767256770.0639162,0.5999999999999943,564.1,5914.7
1767256771.2827044,0.0,565.3,5913.5
1767256772.5034492,0.5999999999999943,565.3,5913.6
1767256773.7183037,0.5999999999999943,564.1,5914.8
1767256774.9323976,0.5999999999999943,565.3,5913.6
1767256776.1466546,0.5999999999999943,565.3,5913.6
1767256777.3619778,0.0,565.3,5913.6
1767256778.5762563,1.2000000000000028,563.0,5915.9
1767256779.791406,0.5999999999999943,563.0,5915.9
1767256781.0069659,0.0,563.0,5915.9
1767256782.2220767,0.0,563.0,5915.9
1767256783.437257,0.5999999999999943,564.2,5914.7
1767256784.6531944,3.0,564.2,5914.7
1767256785.8701096,0.0,563.4,5915.5
1767256787.087422,0.0,563.4,5915.5
1767256788.3043056,0.5999999999999943,563.4,5915.5
1767256789.5217624,0.0,563.4,5915.5
1767256790.7386785,0.5999999999999943,563.4,5915.5
1767256791.95726,0.0,563.8,5915.0
1767256793.1759763,0.0,563.8,5915.0
1767256794.3935585,0.5999999999999943,563.8,5915.0
1767256795.6138844,0.0,563.8,5915.1
1767256796.831768,0.0,563.8,5915.1
1767256798.0517619,0.5999999999999943,563.8,5915.1
1767256799.2710545,0.0,565.3,5913.5
1767256800.4901924,0.0,565.3,5913.5
1767256801.708784,0.0,565.3,5913.5
1767256802.9300268,0.0,562.9,5916.0
1767256804.1517434,1.7000000000000028,564.0,5914.8
1767256805.3729482,0.5999999999999943,562.8,5916.1
1767256806.5864048,0.5999999999999943,562.7,5916.1
1767256807.8003652,0.5999999999999943,562.7,5916.1
1767256809.0154083,0.5999999999999943,562.7,5916.1
1767256810.230352,0.0,563.0,5915.9
1767256811.446028,0.5999999999999943,564.2,5914.6
1767256812.660872,0.5999999999999943,564.2,5914.7
1767256813.875432,0.5999999999999943,564.2,5914.7
1767256815.0903332,0.0,564.1,5914.7
1767256816.3053324,0.0,564.1,5914.7
1767256817.522212,0.0,564.1,5914.7
1767256818.738076,0.5999999999999943,564.1,5914.7
1767256819.9559808,0.0,564.1,5914.7
1767256821.1726284,0.5999999999999943,564.1,5914.7
1767256822.3912337,0.5999999999999943,564.1,5914.8
1767256823.6086016,0.0,564.0,5914.8
1767256824.825034,0.0,562.8,5916.0
1767256826.0431135,0.0,562.8,5916.0
1767256827.261936,0.5999999999999943,564.0,5914.8
1767256828.4808323,0.0,564.0,5914.8
1767256829.6992588,0.5999999999999943,564.1,5914.7
1767256830.9175506,0.5999999999999943,562.9,5915.9
1767256832.1373296,0.5999999999999943,562.9,5915.9
1767256833.3595216,0.0,562.9,5915.9
1767256834.5811362,0.0,562.8,5916.0
1767256835.807952,0.0,563.1,5915.7
1767256837.0274746,0.5999999999999943,562.8,5916.0
1767256838.244441,0.5999999999999943,564.0,5914.8
1767256839.459368,0.0,563.5,5915.3
1767256840.674951,0.5999999999999943,563.5,5915.2
1767256841.890261,0.0,563.5,5915.3
1767256843.1052105,0.5999999999999943,564.8,5914.0
1767256844.3217494,0.5999999999999943,564.7,5914.0
1767256845.5365894,0.5999999999999943,562.8,5916.0
1767256846.7531593,0.5999999999999943,562.5,5916.3
1767256847.9690971,0.5999999999999943,562.5,5916.3
1767256849.184789,0.5999999999999943,562.5,5916.3
1767256850.4010675,3.5999999999999943,562.5,5916.3
1767256851.6187682,0.0,564.7,5914.1
1767256852.8390326,0.5999999999999943,564.7,5914.1
1767256854.0566452,0.5999999999999943,564.6,5914.1
1767256855.2764783,0.5999999999999943,564.6,5914.1
1767256856.4965622,0.0,564.6,5914.1
1767256857.7194126,0.0,564.9,5913.9
1767256858.939005,0.5999999999999943,564.1,5914.7
1767256860.1574945,0.5999999999999943,564.1,5914.7
1767256861.376243,0.0,565.1,5913.7
1767256862.5981877,0.0,563.8,5914.9
1767256863.8200202,0.0,563.8,5914.9
1767256865.038533,0.5999999999999943,564.6,5914.2
1767256866.2578654,0.0,564.6,5914.2
1767256867.480277,0.0,563.6,5915.2
1767256868.700965,0.0,563.6,5915.2
1767256869.9214368,0.5999999999999943,563.6,5915.2
1767256871.1364837,1.2000000000000028,564.8,5914.0
1767256872.351471,0.0,563.5,5915.2
1767256873.56711,0.5999999999999943,563.5,5915.2
1767256874.782929,0.0,564.7,5914.0
1767256875.9979784,0.5999999999999943,564.7,5914.0
1767256877.2129946,0.5999999999999943,564.7,5914.0
1767256878.4277165,0.0,564.7,5914.0
1767256879.6432102,0.0,564.7,5914.1
1767256880.8581157,0.0,564.7,5914.1
1767256882.0749545,0.0,564.7,5914.1
1767256883.292618,0.0,564.7,5914.1
1767256884.510249,0.5999999999999943,564.7,5914.1
1767256885.7276416,0.0,563.4,5915.3
1767256886.947239,0.5999999999999943,563.4,5915.4
1767256888.1698618,0.5999999999999943,564.6,5914.1
1767256889.3897462,0.0,564.6,5914.1
1767256890.6087558,2.4000000000000057,564.4,5914.3
1767256891.8301177,0.0,563.3,5915.4
1767256893.0534935,0.5999999999999943,563.1,5915.6
1767256894.2780275,0.5999999999999943,564.3,5914.4
1767256895.49609,0.5999999999999943,563.1,5915.6
1767256896.7169015,0.5999999999999943,563.3,5915.4
1767256897.9393454,0.0,564.5,5914.2
1767256899.1616933,0.5999999999999943,563.3,5915.4
1767256900.3887453,0.0,564.5,5914.2
1767256901.608511,0.0,563.3,5915.4
1767256902.823879,0.5999999999999943,562.0,5916.7
1767256904.0385623,0.0,562.0,5916.7
1767256905.2536554,0.0,563.2,5915.5
1767256906.468765,0.0,563.4,5915.3
1767256907.6833982,0.5999999999999943,562.7,5916.0
1767256908.8999784,0.5999999999999943,562.7,5916.0
1767256910.1156373,0.0,563.9,5914.8
1767256911.329966,0.5999999999999943,563.4,5915.3
1767256912.546501,0.0,563.4,5915.3
1767256913.7627053,0.0,562.1,5916.6
1767256914.9783678,0.0,562.1,5916.6
1767256916.1964374,0.0,563.4,5915.3
1767256917.4144385,0.5999999999999943,563.4,5915.3
1767256918.6314464,0.0,563.3,5915.4
1767256919.8498707,0.5999999999999943,562.0,5916.7
1767256921.0664756,0.5999999999999943,561.9,5916.8
1767256922.289166,1.2000000000000028,563.4,5915.3
1767256923.5095072,0.5999999999999943,563.3,5915.3
1767256924.7269185,0.5999999999999943,563.4,5915.3
1767256925.9475443,0.5999999999999943,563.3,5915.4
1767256927.170012,0.0,564.5,5914.1
1767256928.3940601,0.5999999999999943,564.6,5914.1
1767256929.6122231,0.5999999999999943,564.6,5914.1
1767256930.8310301,1.2000000000000028,563.3,5915.4
1767256932.051403,0.0,563.5,5915.2
1767256933.2714424,0.0,563.5,5915.2
1767256934.489158,0.5999999999999943,563.5,5915.2
1767256935.7043986,0.5999999999999943,563.5,5915.2
1767256936.919711,0.0,563.7,5915.0
1767256938.1358912,0.5999999999999943,563.7,5915.0
1767256939.3514235,0.0,564.9,5913.8
1767256940.5665798,0.0,564.9,5913.8
1767256941.7818022,0.5999999999999943,564.9,5913.8
1767256942.9969926,0.5999999999999943,564.9,5913.8
1767256944.2123868,0.0,564.8,5913.8
1767256945.4280982,0.0,564.8,5913.8
1767256946.6447814,1.2000000000000028,563.6,5915.1
1767256947.8616962,0.5999999999999943,563.6,5915.1
1767256949.0801651,0.0,563.5,5915.1
1767256950.297088,0.5999999999999943,563.5,5915.1
1767256951.5140653,0.0,564.7,5913.9
1767256952.7310932,0.5999999999999943,564.9,5913.7
1767256953.9496686,0.0,564.9,5913.7
1767256955.1663775,0.0,563.7,5915.0
1767256956.3851724,0.0,563.6,5915.0
1767256957.604933,0.0,563.9,5914.8
1767256958.822671,0.5999999999999943,565.1,5913.5
1767256960.0424929,0.0,565.1,5913.5
1767256961.2635205,0.5999999999999943,565.1,5913.6
1767256962.4801939,0.0,565.1,5913.6
1767256963.7002912,0.0,565.1,5913.6
1767256964.9172008,2.4000000000000057,565.1,5913.6
1767256966.1374753,0.5999999999999943,564.1,5914.5
1767256967.3567996,0.5999999999999943,563.8,5914.8
1767256968.5708606,0.5999999999999943,563.8,5914.9
1767256969.786202,0.5999999999999943,563.8,5914.9
1767256971.0089123,0.0,563.7,5914.9
1767256972.2256992,0.5999999999999943,564.4,5914.2
1767256973.442046,0.5999999999999943,564.4,5914.2
1767256974.65747,0.5999999999999943,564.3,5914.3
1767256975.8732986,0.5999999999999943,564.0,5914.5
1767256977.0888836,0.5999999999999943,564.0,5914.5
1767256978.3059337,0.5999999999999943,563.5,5915.0
1767256979.5236185,0.5999999999999943,564.1,5914.5
1767256980.7426796,0.0,562.9,5915.7
1767256981.958461,0.5999999999999943,562.8,5915.7
1767256983.1772418,0.5999999999999943,562.8,5915.8
1767256984.3984566,0.0,564.1,5914.5
1767256985.6177902,0.5999999999999943,564.1,5914.5
1767256986.8365033,0.5999999999999943,562.8,5915.8
1767256988.0524094,0.5999999999999943,562.8,5915.8
1767256989.2727606,0.0,562.8,5915.8
1767256990.4888184,0.0,564.0,5914.6
1767256991.7124386,0.5999999999999943,564.0,5914.6
1767256992.9377036,0.5999999999999943,564.0,5914.6
1767256994.1571965,0.0,563.7,5914.9
1767256995.377503,0.0,562.4,5916.1
1767256996.6000118,1.2000000000000028,562.4,5916.1
1767256997.8255928,0.0,563.9,5914.6
1767256999.047161,0.5999999999999943,563.4,5915.2
1767257000.2630613,0.5999999999999943,563.7,5914.9
1767257001.4785342,0.5999999999999943,563.7,5914.9
1767257002.6939294,0.5999999999999943,564.9,5913.6
1767257003.909804,0.0,563.8,5914.8
1767257005.124662,0.5999999999999943,563.8,5914.8
1767257006.3400483,0.5999999999999943,563.7,5914.9
1767257007.5550156,0.0,563.6,5914.9
1767257008.7705045,0.0,563.6,5914.9
1767257009.9868112,0.0,563.6,5914.9
1767257011.2026987,0.0,565.0,5913.5
1767257012.4207988,0.0,565.0,5913.5
1767257013.6386576,0.5999999999999943,563.8,5914.7
1767257014.8564982,0.5999999999999943,565.0,5913.6
1767257016.074208,0.5999999999999943,565.0,5913.6
1767257017.2921157,0.5999999999999943,564.9,5913.6
1767257018.512625,0.5999999999999943,564.9,5913.6
1767257019.7301497,0.0,564.9,5913.6
1767257020.9482832,0.0,564.9,5913.6
1767257022.1690407,0.5999999999999943,564.9,5913.6
1767257023.3875494,0.5999999999999943,563.7,5914.9
1767257024.6082883,0.0,563.6,5914.9
1767257025.8268683,0.5999999999999943,563.9,5914.7
1767257027.0459492,0.0,563.9,5914.7
1767257028.2680454,0.0,563.8,5914.7
1767257029.4872227,0.0,563.8,5914.7
1767257030.7050102,0.5999999999999943,563.8,5914.7
1767257031.925526,0.5999999999999943,564.1,5914.5
1767257033.1405368,0.0,565.3,5913.2
1767257034.3558543,0.5999999999999943,564.8,5913.7
1767257035.5701783,0.0,564.8,5913.8
1767257036.785466,0.5999999999999943,564.8,5913.8
1767257037.9999826,0.5999999999999943,564.8,5913.8
1767257039.21531,0.5999999999999943,565.1,5913.5
1767257040.4312565,0.5999999999999943,565.0,5913.5
1767257041.647966,0.0,565.0,5913.5
1767257042.8641148,0.5999999999999943,565.0,5913.5
1767257044.0807626,0.5999999999999943,565.0,5913.5
1767257045.2983193,0.5999999999999943,565.0,5913.5
1767257046.5158944,0.0,565.2,5913.3
1767257047.7350066,0.5999999999999943,565.2,5913.3
1767257048.9529557,0.0,565.2,5913.3
1767257050.1713915,0.5999999999999943,565.4,5913.1
1767257051.3933213,0.0,563.2,5915.3
1767257052.6172235,0.0,563.7,5914.8
1767257053.8414438,0.0,563.4,5915.0
1767257055.0635471,0.0,563.9,5914.6
1767257056.2881474,0.0,563.9,5914.6
1767257057.507078,0.5999999999999943,563.9,5914.6
1767257058.7255507,0.5999999999999943,563.9,5914.6
1767257059.9482017,0.0,565.2,5913.3
1767257061.1673417,0.0,565.1,5913.4
1767257062.3936565,1.2000000000000028,565.1,5913.4
1767257063.611745,0.0,565.1,5913.4
1767257064.8284416,0.5999999999999943,564.1,5914.4
1767257066.0449696,0.5999999999999943,565.4,5913.1
1767257067.2620525,0.5999999999999943,565.3,5913.2
1767257068.476714,0.5999999999999943,557.2,5921.2
1767257069.688531,0.0,557.2,5921.1
1767257070.9018989,0.5999999999999943,558.2,5920.1
1767257072.113976,0.5999999999999943,565.0,5910.6
1767257144.8923001,0.0,564.3,5911.0
1767257146.1140385,0.5999999999999943,564.6,5910.8
1767257147.336269,1.0999999999999943,565.0,5910.3
1767257148.5526705,0.5999999999999943,565.0,5910.3
1767257149.7787604,0.0,564.6,5910.7
1767257150.9953623,1.2000000000000028,563.5,5911.8
1767257152.2138793,0.5999999999999943,562.8,5912.6
1767257153.4308107,0.5999999999999943,563.5,5911.8
1767257154.6527078,0.5999999999999943,563.5,5911.8
1767257155.8703942,0.0,563.6,5911.8
1767257157.0885992,0.5999999999999943,562.7,5912.7
1767257158.3051033,0.0,563.6,5911.7
1767257159.5256479,0.5999999999999943,563.6,5911.7
1767257160.7471435,0.0,564.6,5910.7
1767257161.9650393,0.5999999999999943,564.6,5910.7
1767257163.189027,0.5999999999999943,564.6,5910.7
1767257164.4132948,0.5999999999999943,564.6,5910.7
1767257165.6399438,0.0,564.6,5910.8
1767257166.8631413,0.5999999999999943,563.7,5911.7
1767257168.0811043,0.0,564.9,5910.4
1767257169.2994986,0.0,563.8,5911.5
1767257170.5212572,1.2000000000000028,565.6,5909.8
1767257171.740477,0.5999999999999943,565.7,5909.6
1767257172.9666586,0.0,564.5,5910.8
1767257174.1876483,1.2000000000000028,563.5,5911.8
1767257175.4040759,0.0,564.8,5910.5
1767257176.6254785,0.0,564.0,5911.3
1767257177.8416603,0.5999999999999943,562.1,5913.2
1767257179.0568683,0.0,562.3,5912.9
1767257180.272331,0.5999999999999943,562.8,5912.4
1767257181.4871094,0.0,563.0,5912.3
1767257182.7018437,0.5999999999999943,564.2,5911.0
1767257183.918018,0.0,564.2,5911.1
1767257185.1335092,0.5999999999999943,564.2,5911.1
1767257186.3483486,0.5999999999999943,564.5,5910.8
1767257187.564204,0.5999999999999943,564.4,5910.8
1767257188.7832267,0.0,563.3,5912.0
1767257190.0014484,0.5999999999999943,564.5,5910.8
1767257191.2213378,0.0,564.4,5910.8
1767257192.4484,0.5999999999999943,564.4,5910.8
1767257193.674734,0.5999999999999943,564.4,5910.9
1767257194.90175,0.5999999999999943,564.4,5910.9
1767257196.1313598,0.0,563.2,5912.1
1767257197.3544915,0.5999999999999943,563.3,5912.0
1767257198.5781448,0.0,564.5,5910.8
1767257199.8001072,0.5999999999999943,564.5,5910.8
1767257201.019246,0.5999999999999943,564.8,5910.5
1767257202.23672,0.0,564.0,5911.3
1767257203.4569793,0.5999999999999943,565.2,5910.0
1767257204.6808465,0.5999999999999943,563.9,5911.3
1767257205.9065099,0.5999999999999943,563.9,5911.3
1767257207.129294,0.5999999999999943,565.1,5910.1
1767257208.3446636,3.0,564.1,5911.1
1767257209.5597687,0.0,564.1,5911.1
1767257210.7739792,0.0,563.6,5911.6
1767257211.988623,0.5999999999999943,565.1,5910.1
1767257213.2038321,0.0,565.1,5910.1
1767257214.4191148,0.5999999999999943,565.1,5910.2
1767257215.6342368,0.5999999999999943,565.2,5910.1
1767257216.8489864,1.2000000000000028,563.0,5912.2
1767257218.0639026,0.5999999999999943,563.0,5912.3
1767257219.280014,0.5999999999999943,563.0,5912.3
1767257220.4951565,0.5999999999999943,563.0,5912.3
1767257221.711396,0.0,562.9,5912.3
1767257222.9269717,0.5999999999999943,563.2,5912.0
1767257224.1461573,0.5999999999999943,563.2,5912.1
1767257225.3658943,0.5999999999999943,563.2,5912.1
1767257226.585882,1.2000000000000028,563.2,5912.1
1767257227.803783,0.0,563.1,5912.1
1767257229.019132,0.0,563.1,5912.1
1767257230.2353668,0.5999999999999943,563.1,5912.1
1767257231.454469,1.7999999999999972,563.0,5912.2
1767257232.673024,0.0,563.1,5912.1
1767257233.8904676,0.0,563.3,5911.9
1767257235.1115556,0.0,563.8,5911.4
1767257236.3286939,0.0,564.0,5911.2
1767257237.5454452,0.5999999999999943,564.0,5911.2
1767257238.763389,0.0,564.8,5910.4
1767257239.9801009,0.0,564.8,5910.4
1767257241.1944554,0.0,564.1,5911.1
1767257242.4080565,0.0,564.0,5911.2
1767257243.621655,0.0,564.0,5911.2
1767257244.8367202,0.5999999999999943,564.0,5911.2
1767257246.0501835,0.0,564.0,5911.2
1767257247.2634583,0.0,564.0,5911.2
1767257248.4775755,0.0,563.9,5911.3
1767257249.6927278,0.5999999999999943,563.9,5911.3
1767257250.9079607,0.5999999999999943,563.9,5911.3
1767257252.1233144,0.0,563.9,5911.3
1767257253.3401809,0.0,563.9,5911.3
1767257254.557107,0.5999999999999943,563.9,5911.3
1767257255.7813303,0.5999999999999943,563.9,5911.3
1767257257.0028465,0.0,563.9,5911.3
1767257258.2226815,0.5999999999999943,563.8,5911.3
1767257259.4393852,0.0,563.8,5911.4
1767257260.656045,0.5999999999999943,563.2,5912.0
1767257261.876652,0.5999999999999943,564.7,5910.4
1767257263.0955894,0.0,564.4,5910.8
1767257264.3149784,0.0,564.5,5910.7
1767257265.5340252,1.2000000000000028,564.5,5910.6
1767257266.7519383,0.0,563.3,5911.9
1767257267.9718814,0.5999999999999943,563.2,5911.9
1767257269.192629,0.5999999999999943,564.5,5910.7
1767257270.4115539,0.5999999999999943,563.2,5911.9
1767257271.6302574,1.2000000000000028,563.9,5911.2
1767257272.8482306,0.0,564.7,5910.5
1767257274.0659068,0.0,564.7,5910.4
1767257275.2801535,0.5999999999999943,563.6,5911.5
1767257276.4954479,0.0,563.5,5911.6
1767257277.710863,0.0,563.5,5911.6
1767257278.9258826,0.0,563.5,5911.6
1767257280.141584,0.5999999999999943,563.5,5911.7
1767257281.3574848,0.0,564.8,5910.4
1767257282.5729268,0.0,564.7,5910.4
1767257283.7887228,0.5999999999999943,564.8,5910.4
1767257285.0043068,0.5999999999999943,564.7,5910.5
1767257286.2199106,0.0,563.5,5911.7
1767257287.434671,0.0,565.0,5910.2
1767257288.6594203,0.0,564.9,5910.2
1767257289.884587,0.0,564.9,5910.2
1767257291.1099274,0.5999999999999943,565.2,5909.9
1767257292.329765,0.5999999999999943,565.2,5909.9
1767257293.5477397,0.0,565.2,5909.9
1767257294.7659943,0.0,565.2,5909.9
1767257295.9843323,0.5999999999999943,565.2,5910.0
1767257297.2029495,0.0,565.2,5909.9
1767257298.424903,0.5999999999999943,565.1,5910.0
1767257299.6454997,0.0,565.1,5910.0
1767257300.8653617,0.0,565.1,5910.0
1767257302.085744,0.0,565.1,5910.0
1767257303.3056705,0.0,565.1,5910.0
1767257304.5239925,1.2000000000000028,565.1,5910.0
1767257305.7443364,0.0,565.1,5910.0
1767257306.959883,0.5999999999999943,565.6,5909.6
1767257308.175227,0.0,565.8,5909.3
1767257309.3911111,0.5999999999999943,565.8,5909.3
1767257310.6071384,0.5999999999999943,566.1,5909.0
1767257311.8229396,0.0,565.9,5909.2
1767257313.0384645,0.5999999999999943,565.7,5909.4
1767257314.2544127,0.0,564.5,5910.6
1767257315.470443,0.0,564.5,5910.7
1767257316.6866982,0.0,565.7,5909.4
1767257317.901621,0.0,565.7,5909.4
1767257319.1187284,0.0,565.0,5910.1
1767257320.3391504,0.0,564.4,5910.7
1767257321.5607848,0.0,564.5,5910.6
1767257322.781955,0.5999999999999943,565.2,5909.9
1767257324.0077195,0.5999999999999943,564.0,5911.1
1767257325.2241225,0.5999999999999943,563.9,5911.2
1767257326.4419355,0.5999999999999943,565.1,5909.9
1767257327.6610105,0.5999999999999943,564.0,5911.1
1767257328.8820388,0.0,564.0,5911.1
1767257330.1025262,0.0,564.0,5911.1
1767257331.32052,0.5999999999999943,563.9,5911.1
1767257332.54055,0.5999999999999943,565.2,5909.9
1767257333.7584434,0.0,565.3,5909.8
1767257334.9790149,0.0,565.1,5910.0
1767257336.20166,0.5999999999999943,565.1,5910.0
1767257337.4205773,0.0,565.3,5909.8
1767257338.634648,0.5999999999999943,565.3,5909.8
1767257339.8497272,0.5999999999999943,565.0,5910.1
1767257341.0647051,0.5999999999999943,565.1,5910.0
1767257342.2795703,0.5999999999999943,563.8,5911.3
1767257343.4953701,0.0,565.0,5910.0
1767257344.7114015,0.5999999999999943,565.0,5910.1
1767257345.9273226,0.5999999999999943,565.2,5909.9
1767257347.1425755,0.0,565.2,5909.9
1767257348.3587584,0.5999999999999943,565.2,5909.9
1767257349.5756078,0.0,565.2,5909.9
1767257350.791514,0.0,565.5,5909.5
1767257352.0089102,0.0,565.6,5909.4
1767257353.232891,0.5999999999999943,565.6,5909.4
1767257354.4523263,0.0,565.6,5909.4
1767257355.6741855,0.0,564.4,5910.6
1767257356.8922153,0.5999999999999943,565.2,5909.8
1767257358.1109273,0.5999999999999943,565.2,5909.8
1767257359.3286285,0.0,565.1,5910.0
1767257360.5472796,0.0,565.0,5910.0
1767257361.7679007,0.0,565.0,5910.0
1767257362.987148,0.5999999999999943,565.0,5910.0
1767257364.2072077,0.5999999999999943,566.2,5908.8
1767257365.4259996,0.5999999999999943,565.1,5909.9
1767257366.6451259,0.0,566.1,5908.9
1767257367.8672442,0.5999999999999943,566.1,5908.9
1767257369.087276,0.0,565.0,5910.1
1767257370.3050947,0.5999999999999943,565.1,5909.9
1767257371.5210726,0.0,565.1,5909.9
1767257372.7361875,0.0,565.1,5909.9
1767257373.9512246,0.5999999999999943,566.3,5908.7
1767257375.1665246,1.2000000000000028,565.1,5910.0
1767257376.381585,0.0,565.1,5910.0
1767257377.597954,0.5999999999999943,565.0,5910.0
1767257378.812636,0.5999999999999943,565.0,5910.0
1767257380.0276248,0.0,566.3,5908.8
1767257381.2434714,1.7999999999999972,564.8,5910.2
1767257382.4605258,0.5999999999999943,564.4,5910.6
1767257383.6780217,0.5999999999999943,564.4,5910.6
1767257384.9005458,0.5999999999999943,564.4,5910.6
1767257386.1201506,0.0,564.3,5910.7
1767257387.3398886,0.5999999999999943,565.3,5909.7
1767257388.5647867,0.5999999999999943,565.3,5909.7
1767257389.7847667,0.5999999999999943,566.5,5908.5
1767257391.0081365,0.5999999999999943,564.3,5910.7
1767257392.232395,0.5999999999999943,564.0,5911.0
1767257393.4580817,0.0,564.7,5910.3
1767257394.6804037,0.5999999999999943,565.0,5910.0
1767257395.906517,0.5999999999999943,560.8,5914.2
1767257397.124808,0.5999999999999943,562.3,5912.7
1767257398.3431385,1.2000000000000028,562.3,5912.7
1767257399.5625832,0.0,561.8,5913.2
1767257400.7846994,0.5999999999999943,560.5,5914.4
1767257402.006703,0.5999999999999943,561.8,5913.2
1767257403.2249134,0.5999999999999943,561.3,5913.7
1767257404.4403374,0.5999999999999943,561.5,5913.5
1767257405.656069,0.5999999999999943,561.5,5913.5
1767257406.8721232,0.5999999999999943,561.5,5913.5
1767257408.0881822,0.0,562.7,5912.3
1767257409.3035688,0.5999999999999943,561.4,5913.5
1767257410.5493903,0.5999999999999943,562.7,5912.2
1767257411.7657094,0.0,561.4,5913.6
1767257412.981726,1.2000000000000028,561.6,5913.3
1767257414.198381,0.5999999999999943,560.9,5914.1
1767257415.4162178,0.5999999999999943,561.4,5913.6
1767257416.6353955,0.0,562.3,5912.6
1767257417.8544798,1.2000000000000028,561.2,5913.7
1767257419.0765977,0.0,562.5,5912.5
1767257420.3004353,0.0,562.7,5912.2
1767257421.5200784,0.0,562.7,5912.3
1767257422.7414176,0.0,562.7,5912.3
1767257423.9593575,0.0,561.4,5913.5
1767257425.1806598,1.7000000000000028,562.7,5912.3
1767257426.3999825,0.5999999999999943,561.4,5913.5
1767257427.6201417,0.0,561.4,5913.5
1767257428.8403826,0.5999999999999943,561.4,5913.5
1767257430.0591516,0.0,560.2,5914.8
1767257431.280683,0.0,561.4,5913.6
1767257432.4988432,1.2000000000000028,561.4,5913.6
1767257433.7175174,0.0,561.4,5913.6
1767257434.937957,0.5999999999999943,560.1,5914.8
1767257436.1532288,1.2000000000000028,560.1,5914.8
1767257437.3687122,0.5999999999999943,561.3,5913.6
1767257438.583767,0.0,561.6,5913.4
1767257439.7982738,0.5999999999999943,561.5,5913.4
1767257441.015175,0.0,560.2,5914.7
1767257442.2301574,0.0,562.9,5912.0
1767257443.4449754,0.0,562.9,5912.0
1767257444.6607265,0.5999999999999943,562.9,5912.0
1767257445.8745236,0.5999999999999943,562.6,5912.2
1767257447.0917325,0.5999999999999943,561.4,5913.5
1767257448.3089268,1.2000000000000028,562.6,5912.3
1767257449.5307171,1.7999999999999972,561.4,5913.5
1767257450.751602,0.0,562.6,5912.3
1767257451.9804611,0.0,563.1,5911.8
1767257453.209522,0.5999999999999943,563.1,5911.8
1767257454.4271035,0.0,563.0,5911.8
1767257455.6473517,0.5999999999999943,563.0,5911.9
1767257456.8700693,0.5999999999999943,563.0,5911.9
1767257458.093654,0.0,561.8,5913.1
1767257459.3127027,0.5999999999999943,561.8,5913.1
1767257460.5295362,1.2000000000000028,558.1,5916.8
1767257461.7459483,0.0,559.4,5915.5
1767257462.9640124,0.0,559.4,5915.5
1767257464.1850324,0.0,559.4,5915.5
1767257818.2155013,0.5999999999999943,564.3,5910.5
1767257819.4296134,0.5999999999999943,565.3,5909.6
1767257820.6457565,0.0,566.5,5908.3
1767257821.8607664,0.5999999999999943,563.5,5911.4
1767257823.0753968,0.0,564.7,5910.1
1767257824.2902627,0.5999999999999943,563.2,5911.6
1767257825.5060587,0.5999999999999943,563.2,5911.6
1767257826.721194,0.5999999999999943,563.2,5911.7
1767257827.938693,0.5999999999999943,563.2,5911.7
1767257829.1557992,0.5999999999999943,563.1,5911.7
1767257830.37295,0.5999999999999943,563.1,5911.7
1767257831.5900624,0.0,563.1,5911.7
1767257832.8069847,0.5999999999999943,563.1,5911.7
1767257834.0274558,0.5999999999999943,563.1,5911.7
1767257835.2453392,0.0,563.3,5911.5
1767257836.462828,0.0,563.3,5911.5
1767257837.6833243,0.0,563.3,5911.5
1767257838.9046779,0.5999999999999943,563.3,5911.5
1767257840.128569,0.0,563.3,5911.5
1767257841.35571,0.5999999999999943,563.3,5911.5
1767257842.574785,0.0,563.3,5911.6
1767257843.7961178,0.5999999999999943,563.7,5911.1
1767257845.019761,0.0,563.7,5911.1
1767257846.2449572,0.0,563.7,5911.1
1767257847.4657178,0.5999999999999943,562.4,5912.4
1767257848.6829038,0.0,562.3,5912.5
1767257849.9033997,0.0,563.5,5911.3
1767257851.1190155,0.0,562.3,5912.5
1767257852.3336277,0.0,562.3,5912.5
1767257853.5468311,0.5999999999999943,562.9,5911.9
1767257854.7615635,0.0,562.9,5911.9
1767257855.975923,0.5999999999999943,562.9,5911.9
1767257857.1921296,0.5999999999999943,562.8,5911.9
1767257858.407902,0.5999999999999943,562.8,5911.9
1767257859.62335,0.5999999999999943,562.8,5912.0
1767257860.841155,0.5999999999999943,562.8,5912.0
1767257862.059175,0.5999999999999943,562.8,5912.0
1767257863.2774625,0.0,562.8,5912.0
1767257864.5009434,1.2000000000000028,562.8,5912.0
1767257865.7204645,0.5999999999999943,562.8,5912.0
1767257866.9434097,0.5999999999999943,563.2,5911.5
1767257868.1666188,0.5999999999999943,563.0,5911.8
1767257869.3974495,0.5999999999999943,563.0,5911.8
1767257870.6253414,0.5999999999999943,563.2,5911.6
1767257871.8469517,0.5999999999999943,563.2,5911.6
1767257873.068106,0.5999999999999943,563.2,5911.6
1767257874.2906415,0.5999999999999943,563.4,5911.4
1767257875.5113611,0.5999999999999943,563.4,5911.4
1767257876.7301576,0.5999999999999943,564.3,5910.4
1767257877.9508898,0.5999999999999943,564.3,5910.4
1767257879.171481,0.0,564.3,5910.4
1767257880.395442,0.5999999999999943,564.1,5910.7
1767257881.620635,0.5999999999999943,564.0,5910.7
1767257882.8360083,0.5999999999999943,562.7,5912.0
1767257884.0513182,0.5999999999999943,563.0,5911.7
1767257885.265895,0.5999999999999943,563.0,5911.7
1767257886.4812925,0.0,563.0,5911.7
1767257887.6958354,0.5999999999999943,563.0,5911.8
1767257888.9090872,0.0,563.0,5911.8
1767257890.124029,0.0,563.0,5911.8
1767257891.3380103,0.5999999999999943,563.0,5911.8
1767257892.5531323,0.0,563.0,5911.8
1767257893.7675357,1.2000000000000028,563.2,5911.6
1767257894.9827135,1.2000000000000028,563.2,5911.6
1767257896.2001512,0.5999999999999943,563.2,5911.6
1767257897.420647,0.5999999999999943,563.2,5911.6
1767257898.6474946,0.0,563.1,5911.6
1767257899.8856974,0.0,563.1,5911.6
1767257901.1261904,0.5999999999999943,563.0,5911.7
1767257902.3674061,0.5999999999999943,564.0,5910.7
1767257903.5927835,0.5999999999999943,564.2,5910.5
1767257904.8179321,0.5999999999999943,564.7,5910.0
1767257906.0441594,0.5999999999999943,564.8,5910.0
1767257907.2640433,0.0,564.7,5910.0
1767257908.482633,0.5999999999999943,564.7,5910.0
1767257909.7113764,0.0,564.7,5910.0
1767257910.9380667,0.5999999999999943,564.7,5910.0
1767257912.1667142,0.0,564.7,5910.0
1767257913.3936067,0.5999999999999943,564.9,5909.8
1767257914.6193826,0.5999999999999943,565.2,5909.5
1767257915.839612,0.0,565.2,5909.5
1767257917.055381,0.5999999999999943,565.1,5909.5
1767257918.269924,0.5999999999999943,565.1,5909.6
1767257919.4858832,0.0,565.1,5909.6
1767257920.7009773,0.0,565.1,5909.6
1767257921.9149768,0.5999999999999943,565.1,5909.6
1767257923.129326,0.0,565.1,5909.6
1767257924.3451204,0.5999999999999943,565.1,5909.6
1767257925.5605721,0.5999999999999943,565.1,5909.6
1767257926.778121,0.0,565.3,5909.4
1767257927.9947343,0.5999999999999943,565.3,5909.4
1767257929.2139254,0.0,565.3,5909.4
1767257930.43277,0.5999999999999943,563.8,5910.9
1767257931.659538,0.5999999999999943,563.8,5910.8
1767257932.8888774,1.7999999999999972,563.8,5910.8
1767257934.1196122,0.0,563.8,5910.8
1767257935.342084,0.0,563.8,5910.8
1767257936.5613585,0.0,564.0,5910.6
1767257937.7856936,1.2000000000000028,564.8,5909.8
1767257939.0021522,0.5999999999999943,564.9,5909.7
1767257940.221732,0.0,564.9,5909.7
1767257941.443459,0.5999999999999943,564.7,5909.9
1767257942.6636164,0.0,563.7,5910.8
1767257943.8820305,0.0,564.0,5910.6
1767257945.1026065,0.5999999999999943,564.0,5910.6
1767257946.3249898,0.5999999999999943,564.0,5910.6
1767257947.1332045,0.5999999999999943,563.1,5911.5
1767257948.3569744,0.5999999999999943,564.2,5910.3
1767257949.580958,0.0,564.2,5910.3
1767257950.799913,0.0,564.2,5910.4
1767257952.0213838,0.0,564.2,5910.4
1767257953.246082,0.5999999999999943,564.2,5910.4
1767257954.4734104,0.0,564.2,5910.4
1767257955.7017539,0.5999999999999943,564.2,5910.4
1767257956.925602,0.5999999999999943,564.1,5910.4
1767257958.153305,0.5999999999999943,564.1,5910.4
1767257959.38122,0.0,564.1,5910.4
1767257960.5982282,0.5999999999999943,564.1,5910.4
1767257961.8207033,0.0,564.0,5910.5
1767257963.0462077,1.2000000000000028,564.0,5910.5
1767257964.3118868,0.5999999999999943,564.0,5910.5
1767257965.5889661,0.5999999999999943,564.0,5910.5
1767257966.8072796,0.0,564.2,5910.3
1767257968.0292423,0.5999999999999943,564.2,5910.3
1767257969.2527764,0.5999999999999943,564.2,5910.3
1767257970.481494,0.0,564.2,5910.3
1767257971.7084007,0.5999999999999943,564.2,5910.3
1767257972.9286242,0.0,563.8,5910.7
1767257974.1505983,0.5999999999999943,563.2,5911.2
1767257975.3752475,0.5999999999999943,563.2,5911.2
1767257976.5991793,1.2000000000000028,563.5,5911.0
1767257977.8265753,0.5999999999999943,563.5,5911.0
1767257979.0475583,0.5999999999999943,563.4,5911.0
1767257979.8423345,0.5999999999999943,563.4,5911.1
1767257981.0641289,0.0,563.4,5911.1
1767257982.282055,0.0,563.4,5911.1
1767257983.49792,0.5999999999999943,563.6,5910.8
1767257984.7209501,0.5999999999999943,564.1,5910.3
1767257985.9403167,1.2000000000000028,564.1,5910.3
1767257987.1648867,0.0,552.3,5922.2
1767257988.4296687,0.5999999999999943,552.8,5921.7
1767257989.6987731,0.5999999999999943,551.5,5923.0
1767257990.9633856,0.5999999999999943,550.1,5924.4
1767257992.241304,0.0,550.8,5923.6
1767257993.4787035,0.5999999999999943,551.1,5923.4
1767257994.6974823,0.0,549.8,5924.6
1767257995.9205441,0.0,551.3,5923.2
1767257997.1469371,0.5999999999999943,553.5,5920.9
1767257998.3681552,0.5999999999999943,553.5,5921.0
1767257999.5978296,1.2000000000000028,554.7,5919.7
1767258000.8213062,0.0,552.0,5922.4
1767258002.0406773,0.0,553.2,5921.2
1767258003.264588,0.0,551.8,5922.7
1767258004.4838915,0.5999999999999943,552.2,5922.2
1767258005.7035384,0.0,551.2,5923.2
